Workbook

Sheet Dashboard
A1: DASHBOARD TEST CASE CHỨC NĂNG - LEGAL RAG CHATBOT
A2: Tổng số test case | B2: =COUNTA(Functional_TestCases!A2:A84) -> 83 | D2: Ngày cập nhật | E2: 2026-05-19
A3: Pass | B3: =COUNTIF(Functional_TestCases!J2:J84,"Pass") -> 82 | D3: Fail | E3: =COUNTIF(Functional_TestCases!J2:J84,"Fail") -> 1
A4: Blocked | B4: =COUNTIF(Functional_TestCases!J2:J84,"Blocked") -> 0 | D4: Not Run | E4: =COUNTIF(Functional_TestCases!J2:J84,"Not Run") -> 0
A5: N/A | B5: =COUNTIF(Functional_TestCases!J2:J84,"N/A") -> 0 | D5: Tỷ lệ pass | E5: =IF(B2=0,0,B3/B2) -> 0.98795181
A7: Theo module | B7: Tổng | C7: Pass | D7: Fail | E7: Blocked | F7: Not Run
A8: Authentication | B8: =COUNTIF(Functional_TestCases!C:C,A8) -> 11 | C8: =COUNTIFS(Functional_TestCases!C:C,A8,Functional_TestCases!J:J,"Pass") -> 11 | D8: =COUNTIFS(Functional_TestCases!C:C,A8,Functional_TestCases!J:J,"Fail") -> 0 | E8: =COUNTIFS(Functional_TestCases!C:C,A8,Functional_TestCases!J:J,"Blocked") -> 0 | F8: =COUNTIFS(Functional_TestCases!C:C,A8,Functional_TestCases!J:J,"Not Run") -> 0
A9: Chatbot | B9: =COUNTIF(Functional_TestCases!C:C,A9) -> 10 | C9: =COUNTIFS(Functional_TestCases!C:C,A9,Functional_TestCases!J:J,"Pass") -> 10 | D9: =COUNTIFS(Functional_TestCases!C:C,A9,Functional_TestCases!J:J,"Fail") -> 0 | E9: =COUNTIFS(Functional_TestCases!C:C,A9,Functional_TestCases!J:J,"Blocked") -> 0 | F9: =COUNTIFS(Functional_TestCases!C:C,A9,Functional_TestCases!J:J,"Not Run") -> 0
A10: Citation | B10: =COUNTIF(Functional_TestCases!C:C,A10) -> 6 | C10: =COUNTIFS(Functional_TestCases!C:C,A10,Functional_TestCases!J:J,"Pass") -> 6 | D10: =COUNTIFS(Functional_TestCases!C:C,A10,Functional_TestCases!J:J,"Fail") -> 0 | E10: =COUNTIFS(Functional_TestCases!C:C,A10,Functional_TestCases!J:J,"Blocked") -> 0 | F10: =COUNTIFS(Functional_TestCases!C:C,A10,Functional_TestCases!J:J,"Not Run") -> 0
A11: Documents | B11: =COUNTIF(Functional_TestCases!C:C,A11) -> 13 | C11: =COUNTIFS(Functional_TestCases!C:C,A11,Functional_TestCases!J:J,"Pass") -> 13 | D11: =COUNTIFS(Functional_TestCases!C:C,A11,Functional_TestCases!J:J,"Fail") -> 0 | E11: =COUNTIFS(Functional_TestCases!C:C,A11,Functional_TestCases!J:J,"Blocked") -> 0 | F11: =COUNTIFS(Functional_TestCases!C:C,A11,Functional_TestCases!J:J,"Not Run") -> 0
A12: Frontend UI | B12: =COUNTIF(Functional_TestCases!C:C,A12) -> 9 | C12: =COUNTIFS(Functional_TestCases!C:C,A12,Functional_TestCases!J:J,"Pass") -> 9 | D12: =COUNTIFS(Functional_TestCases!C:C,A12,Functional_TestCases!J:J,"Fail") -> 0 | E12: =COUNTIFS(Functional_TestCases!C:C,A12,Functional_TestCases!J:J,"Blocked") -> 0 | F12: =COUNTIFS(Functional_TestCases!C:C,A12,Functional_TestCases!J:J,"Not Run") -> 0
A13: History | B13: =COUNTIF(Functional_TestCases!C:C,A13) -> 8 | C13: =COUNTIFS(Functional_TestCases!C:C,A13,Functional_TestCases!J:J,"Pass") -> 8 | D13: =COUNTIFS(Functional_TestCases!C:C,A13,Functional_TestCases!J:J,"Fail") -> 0 | E13: =COUNTIFS(Functional_TestCases!C:C,A13,Functional_TestCases!J:J,"Blocked") -> 0 | F13: =COUNTIFS(Functional_TestCases!C:C,A13,Functional_TestCases!J:J,"Not Run") -> 0
A14: Retrieval | B14: =COUNTIF(Functional_TestCases!C:C,A14) -> 8 | C14: =COUNTIFS(Functional_TestCases!C:C,A14,Functional_TestCases!J:J,"Pass") -> 7 | D14: =COUNTIFS(Functional_TestCases!C:C,A14,Functional_TestCases!J:J,"Fail") -> 1 | E14: =COUNTIFS(Functional_TestCases!C:C,A14,Functional_TestCases!J:J,"Blocked") -> 0 | F14: =COUNTIFS(Functional_TestCases!C:C,A14,Functional_TestCases!J:J,"Not Run") -> 0
A15: Template Wizard | B15: =COUNTIF(Functional_TestCases!C:C,A15) -> 12 | C15: =COUNTIFS(Functional_TestCases!C:C,A15,Functional_TestCases!J:J,"Pass") -> 12 | D15: =COUNTIFS(Functional_TestCases!C:C,A15,Functional_TestCases!J:J,"Fail") -> 0 | E15: =COUNTIFS(Functional_TestCases!C:C,A15,Functional_TestCases!J:J,"Blocked") -> 0 | F15: =COUNTIFS(Functional_TestCases!C:C,A15,Functional_TestCases!J:J,"Not Run") -> 0
A16: User Profile | B16: =COUNTIF(Functional_TestCases!C:C,A16) -> 6 | C16: =COUNTIFS(Functional_TestCases!C:C,A16,Functional_TestCases!J:J,"Pass") -> 6 | D16: =COUNTIFS(Functional_TestCases!C:C,A16,Functional_TestCases!J:J,"Fail") -> 0 | E16: =COUNTIFS(Functional_TestCases!C:C,A16,Functional_TestCases!J:J,"Blocked") -> 0 | F16: =COUNTIFS(Functional_TestCases!C:C,A16,Functional_TestCases!J:J,"Not Run") -> 0

Sheet Functional_TestCases
A1: TC_ID | B1: Req_ID | C1: Module | D1: Chức năng | E1: Mục tiêu kiểm thử | F1: Tiền điều kiện | G1: Dữ liệu test | H1: Các bước thực hiện | I1: Kết quả mong đợi | J1: Status | K1: Priority | L1: Ghi chú
A2: AUTH-001 | B2: FR-01 | C2: Authentication | D2: Đăng ký tài khoản | E2: Kiểm tra đăng ký tài khoản hợp lệ | F2: Backend/Frontend đang chạy | G2: username=tester001; email=tester001@example.com; password=Test@123456 | H2: 1. Mở trang Register 2. Nhập username, email, password hợp lệ 3. Bấm Đăng ký | I2: Tài khoản được tạo thành công; hệ thống chuyển/hướng dẫn sang trang đăng nhập; API trả thông tin user không chứa mật khẩu. | J2: Pass | K2: P0
A3: AUTH-002 | B3: FR-01 | C3: Authentication | D3: Đăng ký trùng username | E3: Kiểm tra chặn username đã tồn tại | F3: Đã có user tester001 | G3: username=tester001; email=tester002@example.com | H3: 1. Đăng ký với username đã tồn tại 2. Quan sát thông báo | I3: Hệ thống từ chối và hiển thị lỗi Username already registered hoặc thông báo tương đương. | J3: Pass | K3: P1
A4: AUTH-003 | B4: FR-01 | C4: Authentication | D4: Đăng ký trùng email | E4: Kiểm tra chặn email đã tồn tại | F4: Đã có email tester001@example.com | G4: username=tester003; email=tester001@example.com | H4: 1. Đăng ký với email đã tồn tại 2. Quan sát thông báo | I4: Hệ thống từ chối và hiển thị lỗi Email already registered hoặc thông báo tương đương. | J4: Pass | K4: P1
A5: AUTH-004 | B5: FR-01 | C5: Authentication | D5: Đăng ký email sai định dạng | E5: Kiểm tra validate email | F5: Không yêu cầu | G5: email=abc-not-email | H5: 1. Mở Register 2. Nhập email sai định dạng 3. Bấm Đăng ký | I5: Form hoặc API từ chối dữ liệu; không tạo tài khoản mới. | J5: Pass | K5: P1
A6: AUTH-005 | B6: FR-01 | C6: Authentication | D6: Đăng ký mật khẩu quá dài | E6: Kiểm tra validate giới hạn bcrypt 72 bytes | F6: Không yêu cầu | G6: password dài hơn 72 bytes | H6: 1. Gửi đăng ký với mật khẩu rất dài 2. Quan sát response | I6: API trả 400 và thông báo mật khẩu quá dài; không tạo tài khoản. | J6: Pass | K6: P2
A7: AUTH-006 | B7: FR-01 | C7: Authentication | D7: Đăng nhập hợp lệ | E7: Kiểm tra cấp access token | F7: Đã có tài khoản tester001 | G7: username=tester001; password=Test@123456 | H7: 1. Mở Login 2. Nhập đúng username/password 3. Bấm Đăng nhập | I7: Đăng nhập thành công; token được lưu ở localStorage; giao diện chuyển sang trang chính. | J7: Pass | K7: P0
A8: AUTH-007 | B8: FR-01 | C8: Authentication | D8: Đăng nhập sai mật khẩu | E8: Kiểm tra từ chối thông tin đăng nhập sai | F8: Đã có tài khoản tester001 | G8: password=WrongPass | H8: 1. Mở Login 2. Nhập username đúng, password sai 3. Bấm Đăng nhập | I8: API trả 401; UI hiển thị lỗi Incorrect username or password hoặc thông báo tương đương. | J8: Pass | K8: P0
A9: AUTH-008 | B9: FR-01 | C9: Authentication | D9: Xác thực token hợp lệ | E9: Kiểm tra endpoint verify | F9: Đã đăng nhập và có token hợp lệ | G9: Authorization: Bearer <token> | H9: 1. Gọi GET /auth/verify 2. Kiểm tra response | I9: Response trả status=valid và username hiện tại. | J9: Pass | K9: P1
A10: AUTH-009 | B10: FR-01 | C10: Authentication | D10: Truy cập API cần đăng nhập khi thiếu token | E10: Kiểm tra bảo vệ endpoint | F10: Không có token | G10: GET /users/me hoặc /documents | H10: 1. Xóa token 2. Gọi endpoint cần đăng nhập | I10: Hệ thống trả 401/403; không trả dữ liệu người dùng/tài liệu. | J10: Pass | K10: P0
A11: AUTH-010 | B11: FR-01 | C11: Authentication | D11: Lấy thông tin user hiện tại | E11: Kiểm tra /users/me | F11: Đã đăng nhập | G11: Authorization: Bearer <token> | H11: 1. Gọi GET /users/me 2. Kiểm tra dữ liệu | I11: Trả id, username, email, is_active; không trả hashed_password. | J11: Pass | K11: P1
A12: AUTH-011 | B12: FR-01 | C12: Authentication | D12: Đăng xuất | E12: Kiểm tra xóa token phía frontend | F12: Đã đăng nhập | G12: Token trong localStorage | H12: 1. Bấm logout/đăng xuất 2. Refresh trang | I12: Token bị xóa; giao diện về trạng thái chưa đăng nhập; chức năng cần token không dùng được. | J12: Pass | K12: P1
A13: PROF-001 | B13: FR-01 | C13: User Profile | D13: Đổi username hợp lệ | E13: Kiểm tra cập nhật username | F13: Đã đăng nhập | G13: new_username=tester001_new | H13: 1. Mở Settings/Profile 2. Nhập username mới 3. Lưu | I13: API trả đổi tên thành công; /users/me trả username mới. | J13: Pass | K13: P1
... A31: SEARCH-003 | B31: FR-03 | C31: Retrieval | D31: Tìm theo Điều/Khoản | E31: Kiểm tra giữ khóa truy hồi pháp lý | F31: Cache đã sẵn sàng | G31: Điều kiện hưởng trợ cấp thất nghiệp là gì? | H31: 1. Gửi câu hỏi có thuật ngữ pháp lý 2. Xem sources | I31: Sources có đoạn luật/chính sách liên quan điều kiện hưởng trợ cấp thất nghiệp. | J31: Pass | K31: P1
A32: SEARCH-004 | B32: FR-03 | C32: Retrieval | D32: Không tìm được tài liệu phù hợp | E32: Kiểm tra phản hồi khi nguồn yếu | F32: Cache đã sẵn sàng | G32: Quy định pháp luật về việc nuôi rồng trong lâu đài? | H32: 1. Gửi câu hỏi khó/không có trong corpus | I32: Hệ thống trả lời thận trọng, không khẳng định bừa; có thể nói không tìm thấy căn cứ phù hợp. | J32: Fail | K32: P1 | L32: Không trả lời được do không tìm thấy nội dung
A33: SEARCH-005 | B33: FR-03 | C33: Retrieval | D33: Top-K source được trả về | E33: Kiểm tra response có danh sách sources | F33: Backend đang chạy | G33: Câu hỏi pháp luật bất kỳ | H33: 1. Gửi /query 2. Kiểm tra raw_results.sources hoặc response.sources | I33: Response có trường sources dạng danh sách/chuỗi nguồn không rỗng khi tìm được tài liệu. | J33: Pass | K33: P0
A34: SEARCH-006 | B34: FR-03 | C34: Retrieval | D34: referenced_doc_ids | E34: Kiểm tra trả mã tài liệu tham chiếu | F34: Backend đang chạy | G34: Câu hỏi có nguồn rõ | H34: 1. Gửi /query 2. Kiểm tra referenced_doc_ids | I34: Response có referenced_doc_ids khi câu trả lời trích dẫn được văn bản nguồn. | J34: Pass | K34: P1
A35: SEARCH-007 | B35: FR-03 | C35: Retrieval | D35: Lỗi khi service LLM lỗi | E35: Kiểm tra xử lý lỗi phụ thuộc ngoài | F35: Tạm cấu hình sai API key hoặc ngắt mạng | G35: Câu hỏi pháp luật bất kỳ | H35: 1. Gửi /query khi LLM không khả dụng | I35: API trả lỗi hợp lệ; UI hiển thị lỗi, không trắng màn hình. | J35: Pass | K35: P2
A36: SEARCH-008 | B36: FR-03 | C36: Retrieval | D36: Câu hỏi chứa ký tự đặc biệt | E36: Kiểm tra tiền xử lý input | F36: Không yêu cầu | G36: @@@ Luật??? trợ cấp!!! thất nghiệp ### | H36: 1. Gửi câu hỏi có nhiều ký tự đặc biệt | I36: Hệ thống xử lý được hoặc trả lỗi hợp lệ; không crash. | J36: Pass | K36: P2
A37: CITE-001 | B37: FR-04 | C37: Citation | D37: Hiển thị nguồn trong câu trả lời | E37: Kiểm tra câu trả lời có hộp nguồn | F37: Có câu hỏi tìm được nguồn | G37: Câu hỏi pháp luật rõ | H37: 1. Gửi câu hỏi 2. Quan sát UI phần nguồn | I37: UI hiển thị nguồn/căn cứ pháp lý bên dưới câu trả lời. | J37: Pass | K37: P0
A38: CITE-002 | B38: FR-04 | C38: Citation | D38: Mở rộng/thu gọn nguồn | E38: Kiểm tra tương tác UI nguồn | F38: Có response có nguồn | G38: Không yêu cầu | H38: 1. Bấm vùng nguồn/tham khảo nếu UI hỗ trợ 2. Quan sát hiển thị | I38: Nguồn được mở/ẩn đúng, không làm mất nội dung câu trả lời. | J38: Pass | K38: P2
A39: CITE-003 | B39: FR-04 | C39: Citation | D39: Nguồn không trùng lặp bất thường | E39: Kiểm tra hiển thị source rõ | F39: Có response nhiều nguồn | G39: Câu hỏi rộng | H39: 1. Gửi câu hỏi rộng 2. Kiểm tra danh sách nguồn | I39: Nguồn hiển thị rõ ràng, không lặp quá nhiều cùng một tài liệu nếu không cần. | J39: Pass | K39: P2
A40: CITE-004 | B40: FR-04 | C40: Citation | D40: Câu hỏi ngoài miền không có nguồn giả | E40: Kiểm tra không gán nguồn sai | F40: Không yêu cầu | G40: Hôm nay thời tiết thế nào? | H40: 1. Gửi câu hỏi ngoài miền | I40: Hệ thống không hiển thị nguồn luật giả cho câu hỏi không thuộc pháp luật. | J40: Pass | K40: P1
A41: CITE-005 | B41: FR-04 | C41: Citation | D41: Nguồn tài liệu cá nhân | E41: Kiểm tra user_sources khi hỏi tài liệu cá nhân | F41: Đã upload tài liệu và xử lý ready | G41: user_documents_only=true | H41: 1. Gửi câu hỏi vào tài liệu cá nhân 2. Kiểm tra user_sources | I41: Response có user_sources hoặc referenced_user_refs liên quan tài liệu cá nhân. | J41: Pass | K41: P1
A42: CITE-006 | B42: FR-04 | C42: Citation | D42: Nguồn vẫn hiển thị sau reload lịch sử | E42: Kiểm tra lưu sources vào history | F42: Đã hỏi câu có nguồn và đăng nhập | G42: Không yêu cầu | H42: 1. Hỏi câu có nguồn 2. Reload trang 3. Mở lại hội thoại trong lịch sử | I42: Câu trả lời cũ và nguồn được khôi phục từ lịch sử. | J42: Pass | K42: P1
A43: HIST-001 | B43: FR-05 | C43: History | D43: Tạo lịch sử khi user hỏi | E43: Kiểm tra tự động lưu lịch sử | F43: Đã đăng nhập | G43: Câu hỏi pháp luật | H43: 1. Gửi /query 2. Gọi GET /history | I43: Có bản ghi lịch sử mới chứa query_text, answer_text, sources. | J43: Pass | K43: P0
A44: HIST-002 | B44: FR-05 | C44: History | D44: Danh sách hội thoại nhóm theo conversation | E44: Kiểm tra group_by_conversation | F44: Có nhiều tin trong một hội thoại | G44: GET /history?group_by_conversation=true | H44: 1. Gửi nhiều câu trong cùng conversation 2. Gọi API history group | I44: Danh sách chỉ hiển thị tin đầu hoặc đại diện mỗi conversation. | J44: Pass | K44: P1
... A84: UI-009 | B84: FR-08 | C84: Frontend UI | D84: Hiển thị nguồn và hành động tải biểu mẫu | E84: Kiểm tra nút nguồn/export trên UI | F84: Có câu trả lời có nguồn hoặc session hoàn tất | G84: Không yêu cầu | H84: 1. Hỏi câu có nguồn 2. Hoàn tất procedure 3. Quan sát các nút nguồn/export | I84: Nguồn và nút tải DOCX/PDF hiển thị đúng vị trí, bấm được. | J84: Pass | K84: P1

Sheet Test_Data
A1: Loại dữ liệu | B1: Giá trị mẫu | C1: Ghi chú
A2: Base URL backend | B2: http://localhost:8002 | C2: Theo frontend/js/api.js trong code
A3: Base URL frontend | B3: http://localhost:8088 | C3: Theo Docker Compose mapping trong frontend/js/api.js
A4: User 1 username | B4: tester001 | C4: Dùng cho test đăng nhập chính
A5: User 1 email | B5: tester001@example.com | C5: Email test
A6: User 1 password | B6: Test@123456 | C6: Không dùng mật khẩu thật
A7: User 2 username | B7: tester002 | C7: Dùng kiểm thử phân quyền cross-user
A8: User 2 email | B8: tester002@example.com | C8: Email test
A9: User 2 password | B9: Test@123456 | C9: Không dùng mật khẩu thật
A10: Câu hỏi pháp luật giao thông | B10: Đi xe máy không đội mũ bảo hiểm bị phạt bao nhiêu? | C10: Dùng cho chat/search/citation
A11: Câu hỏi pháp luật lao động | B11: Điều kiện hưởng trợ cấp thất nghiệp là gì? | C11: Dùng cho chat/search/citation
A12: Câu hỏi ngoài miền | B12: Hôm nay ăn gì ngon? | C12: Dùng test không bịa nguồn luật
... A15: Template ID mẫu | B15: khoi_kien_tranh_chap_lao_dong | C15: Có mapping download blank trong code; nếu list templates khác thì dùng id từ API

Sheet Mapping_Yeu_Cau
A1: Req_ID | B1: Nhóm yêu cầu chức năng | C1: Mô tả kiểm thử | D1: Test case liên quan
A2: FR-01 | B2: Xác thực người dùng | C2: Đăng ký, đăng nhập, xác thực token, đổi username, đổi mật khẩu, xóa tài khoản. | D2: AUTH-001 đến AUTH-011, PROF-001 đến PROF-006
A3: FR-02 | B3: Cơ chế hỏi-đáp | C3: Người dùng gửi câu hỏi pháp luật/ngôn ngữ tự nhiên và nhận câu trả lời. | D3: CHAT-001 đến CHAT-010
A4: FR-03 | B4: Truy xuất văn bản pháp luật | C4: Hệ thống truy xuất văn bản liên quan bằng BM25/Vector/Hybrid và trả nguồn. | D4: SEARCH-001 đến SEARCH-008
A5: FR-04 | B5: Trích dẫn nguồn | C5: Câu trả lời hiển thị nguồn luật, tài liệu tham chiếu, mã tài liệu hoặc metadata. | D5: CITE-001 đến CITE-006
A6: FR-05 | B6: Quản lý lịch sử hội thoại | C6: Lưu, xem, mở lại, xóa tin nhắn/cuộc hội thoại. | D6: HIST-001 đến HIST-008
A7: FR-06 | B7: Quản lý và khai thác tài liệu cá nhân | C7: Upload, xem danh sách, hỏi đáp, tóm tắt, trích xuất, tải/xóa tài liệu. | D7: DOC-001 đến DOC-013
A8: FR-07 | B8: Template Wizard | C8: Xem template, tạo session, trả lời từng bước, prefill từ tài liệu, export DOCX/PDF. | D8: TMP-001 đến TMP-012
A9: FR-08 | B9: Giao diện người dùng | C9: Dark mode, responsive, sidebar, hiển thị trạng thái xử lý/lỗi. | D9: UI-001 đến UI-009

Sheet API_Checklist
A1: Nhóm | B1: Method | C1: Endpoint | D1: Có cần token | E1: Body/Payload mẫu | F1: Kết quả mong đợi
A2: Health | B2: GET | C2: /health | D2: Không | F2: {"status":"ok"}
A3: Auth | B3: POST | C3: /users/register | D3: Không | E3: {"username":"tester001","email":"tester001@example.com","password":"Test@123456"} | F3: Tạo user mới
A4: Auth | B4: POST | C4: /users/token | D4: Không | E4: x-www-form-urlencoded: username, password | F4: Trả access_token
A5: Auth | B5: GET | C5: /auth/verify | D5: Có | F5: status=valid
A6: Auth | B6: GET | C6: /users/me | D6: Có | F6: Thông tin user hiện tại
A7: Profile | B7: POST | C7: /users/update-username | D7: Có | E7: {"new_username":"tester001_new"} | F7: Đổi username
A8: Profile | B8: POST | C8: /users/change-password | D8: Có | E8: {"old_password":"Test@123456","new_password":"New@123456"} | F8: Đổi mật khẩu
A9: Chat | B9: POST | C9: /query | D9: Tùy chọn | E9: {"query":"Đi xe máy không đội mũ bảo hiểm bị phạt bao nhiêu?","include_user_documents":true} | F9: Trả answer, sources
A10: History | B10: GET | C10: /history?skip=0&limit=100&group_by_conversation=true | D10: Có | F10: Danh sách hội thoại
A11: History | B11: GET | C11: /history/conversation/{conversation_id} | D11: Có | F11: Tin nhắn trong hội thoại
A12: History | B12: DELETE | C12: /history/{history_id}?delete_conversation=true | D12: Có | F12: Xóa hội thoại
A13: Documents | B13: POST | C13: /documents/upload | D13: Có | E13: multipart/form-data: file | F13: Upload và index file
A14: Documents | B14: GET | C14: /documents | D14: Có | F14: Danh sách tài liệu
A15: Documents | B15: GET | C15: /documents/{document_id}/file | D15: Có | F15: Trả file gốc
A16: Documents | B16: POST | C16: /documents/summarize | D16: Có | E16: {"document_ids":[1],"focus":"tóm tắt ý chính"} | F16: Trả summary
A17: Documents | B17: POST | C17: /documents/extract | D17: Có | E17: {"document_ids":[1],"instruction":"Trích xuất họ tên, địa chỉ"} | F17: Trả result
A18: Documents | B18: DELETE | C18: /documents/{document_id} | D18: Có | F18: Xóa tài liệu
A19: Procedures | B19: GET | C19: /procedures/templates | D19: Không | F19: Danh sách template
A20: Procedures | B20: POST | C20: /procedures/sessions | D20: Có | E20: {"template_id":"<template_id>"} | F20: Tạo session
A21: Procedures | B21: GET | C21: /procedures/sessions/{session_id} | D21: Có | F21: Trạng thái session
A22: Procedures | B22: POST | C22: /procedures/sessions/{session_id}/message | D22: Có | E22: {"message":"Nguyễn Văn A"} | F22: Câu hỏi tiếp theo/complete
A23: Procedures | B23: POST | C23: /procedures/sessions/{session_id}/prefill-from-documents | D23: Có | F23: Prefill từ tài liệu
A24: Procedures | B24: GET | C24: /procedures/sessions/{session_id}/export?format=docx | D24: Có | F24: Tải DOCX
A25: Procedures | B25: GET | C25: /procedures/templates/{template_id}/download-blank | D25: Có | F25: Tải mẫu trắng

Sheet Bug_Log
A1: Bug_ID | B1: Ngày | C1: TC_ID | D1: Module | E1: Mô tả lỗi | F1: Bước tái hiện | G1: Actual Result | H1: Expected Result | I1: Severity | J1: Status | K1: Người phụ trách | L1: Ghi chú
A2: BUG-001 | I2: Medium | J2: Open
A3: BUG-002 | I3: Medium | J3: Open
A4: BUG-003 | I4: Medium | J4: Open
A5: BUG-004 | I5: Medium | J5: Open
A6: BUG-005 | I6: Medium | J6: Open
A7: BUG-006 | I7: Medium | J7: Open
A8: BUG-007 | I8: Medium | J8: Open
A9: BUG-008 | I9: Medium | J9: Open
A10: BUG-009 | I10: Medium | J10: Open
A11: BUG-010 | I11: Medium | J11: Open
A12: BUG-011 | I12: Medium | J12: Open
A13: BUG-012 | I13: Medium | J13: Open
... A21: BUG-020 | I21: Medium | J21: Open

Sheet Huong_Dan
A1: HƯỚNG DẪN SỬ DỤNG FILE TEST CASE CHỨC NĂNG
A2: Mục đích | B2: File này chỉ phục vụ kiểm thử yêu cầu chức năng của hệ thống Legal RAG Chatbot, không bao gồm đánh giá định lượng AI/RAG như Recall@k, MRR, nDCG.
A3: Cách dùng | B3: Chạy từng test case trong sheet Functional_TestCases, ghi Actual Result và chọn Status: Not Run / Pass / Fail / Blocked / N/A.
A4: Phạm vi | B4: Bám theo các nhóm yêu cầu chức năng trong báo cáo: hỏi-đáp, truy xuất văn bản pháp luật, tài liệu cá nhân, Template Wizard, trích dẫn nguồn, giao diện người dùng, xác thực và lịch sử hội thoại.
A5: Quy ước | B5: Test case có Priority P0 là luồng bắt buộc phải pass khi demo; P1 là chức năng quan trọng; P2 là tình huống phụ/negative.
A6: Base URL gợi ý | B6: http://localhost:8002 cho backend; http://localhost:8088 hoặc frontend dev server cho giao diện.
A7: Ngày tạo | B7: 2026-05-19 12:16
